filename,cell_line
00iCaquIsOUDZZVkYH682YVZtgscQG94_20180329,CACO-2
00pmEKBVPUU08w0IzcwA3Dg2vbfaSwQ1_20180329,MCF7
0S5Pl9q7qsIJMcFKttks5QSUzTebeW3f_20180329,CACO-2
0YiqvVfGq03I61zRbJEGGSOFySWKYkx6_20180329,A549
0ZyObAQdLYSWl8sZUbs3mpPDsXVW4dNw_20180329,RT4
0fQUWaMXAFO7TLhyVzztOFCUANeKJCNI_20180329,CACO-2
0gRaAEqpjDv8gkxOGFXX4Ic2oqeiFYK6_20180329,RT4
0k90ix22bNkDWMEQCfoo21O3fxhzlRoQ_20180329,U-251 MG
0lsIKSTRXA9dZLoFJGHF1KKTThGPufmU_20180329,CACO-2
10Y3Ozn0lpnIE9OdZegJlGYzhuy8Pkm7_20180329,CACO-2
10kULxrTFZq28q6bNvHGuNF6pNIbdFSA_20180329,RT4
16XX1Zo3cBss8GJ8TAlBsIv6lc8fmI7A_20180329,RT4
1C8FogGLYyGzgICZBaEXoAj4DN3X7ZIf_20180329,U-251 MG
1D1kz0NaQTB93wXuSBmmZouqLJj8vrXo_20180329,CACO-2
1F5XVbU3K19xJzSSnFwwcp5tFGfV3mOD_20180329,HeLa
1GyVsm1L0yrLYrI7g9kCETrn5UUNJg3Q_20180329,MCF7
1OBWqdh7Z2nyQw5qpXWPR3gcvSDk8kGB_20180329,A549
1UGK2Okm0SL1yKJhfefMwy2R4NQ4Z6pP_20180329,A549
1UGhGoxEyj8jrAWM1ICMMy3284epy9TI_20180329,U-251 MG
1VipenBJVht6rFyEWfj2wYAwRMGxGygD_20180329,PC-3
1b1tNhr7a1FksB4wvlV89rDoHaFvKUfA_20180329,HeLa
1gq1St4Axm7AQqk3Ou4XenJuMKlkO2jM_20180329,HeLa
1hlsvZpe9Gd9JeXHLcQOcmemDys9L5lQ_20180329,MCF7
1jIEhibSVxFuUsJlKjiliioymxMVUxkR_20180329,HEK 293
1srlVLhP5Pb8F9VT1nD6l7GiS6XNchLA_20180329,RT4
1ySMVeyVqztkyz0Nst6J2L3Ek3GckJMj_20180329,CACO-2
1zLlua9H8HVcz8yZ5y4rvw4jmfzN35aA_20180329,PC-3
22iYpGya4YxtUumSfK0PE77VtYYJD8go_20180329,RT4
28g1J4F2b3rUWy1G9fk78WqSIgqCxLGD_20180329,CACO-2
28gqTGciATnyDTf6m4WDBDfkFi0RLDw3_20180329,U-2 OS
29hy3FR6V9N87txt45ZSJYxOJLqFjAEz_20180329,HEK 293
2CKnRlYWVvDJJIjZ0HXvDRsgm49Qqj1Y_20180329,CACO-2
2DPAW4C1LQsY4Z6sgxZvsLlP12ROdrk2_20180329,U-251 MG
2Dus08jcKDUQVd0yFERVsj1FfSsdXqs9_20180329,PC-3
2M9WOkbrF0BuzWvcqNtYJOx9Hxkqe0es_20180329,HeLa
2P4MiVkdwZ8kxndjT2nNOnnK2Rjd6Vrq_20180329,MCF7
2T1MUSpu5PtcYeUEl9QtIwLXfqbFA4Fd_20180329,PC-3
2eUGQLbOORT7hsxLoRcX7AsIIb2r3T0v_20180329,MCF7
2pWF7akHkmM2Zb0qN6RaAkDKvMBqGdak_20180329,U-2 OS
2pojiGeP8yO3jG3GZqkuv8V3sO2LINAm_20180329,A549
2rBz2qyvv9ScHiIXd2QTIewBvnz7gFyK_20180329,PC-3
34ktcJo43khrMKVhJR6MKqDYMgcQImFJ_20180329,RT4
38QSwuE9EwvZKl4eJzYQlhihwRaYd4ve_20180329,HeLa
3FSFFTdro0R1hy3F6EMUCiuNybSAxa3D_20180329,RT4
3GyVBJXzO5OLKQbfkNhNLxGk1nDTHCYw_20180329,HEK 293
3MJlLGWzwaAnGUgNQRTx4qLlbf82lk2N_20180329,HEK 293
3MWkgvIf4whGyznnYeOpfzLGiwEH7Owj_20180329,U-2 OS
3UTGNMcUoHyi94hpmkmfkhRod1reJfL7_20180329,HEK 293
3dZ7e7arlABvdNXw0aHUZyXVJDgxKOeP_20180329,U-2 OS
3jRvyWremJS4iJpRaoE54ze0eBakzclr_20180329,RT4
3kG3zfP0j3QHFQce7nkhcTRrFKXFPy0v_20180329,HEK 293
3lCqrbJn44A3KDAYO8898DhZOHo7JUfx_20180329,RT4
3mt30HjoFVzxJ0GpO6CL809excDFYjvv_20180329,HEK 293
3pFahNF37mcms1wniUzwoKse16lOntGc_20180329,HEK 293
3saa6LMMwJPMGCc5VGDhEEqx49fCQMcg_20180329,HeLa
3xI7047BBa2YqjLwRMxrwKtsUQPj5LCI_20180329,U-251 MG
3yZE0FELnmZUZ3cdr1idqAJXfXjKJm6T_20180329,U-251 MG
3z3cSNfx00nzvULQ4eYIep7yyn8e0eq5_20180329,HEK 293
44sYMUuu0EnVnPzOQABGYgMybI9Xy0Q7_20180329,MCF7
45AvBWukX7ymYDUQVXNepYqtCRiZNyJb_20180329,MCF7
45MYdbpTPCekNxyou0pS6KzxzlCyqbx2_20180329,HEK 293
4JOjICrJJEoJMSAn67AaQtqqJXzjqbvR_20180329,HeLa
4U9wsW7qSjtHnMy2cr6BbU8XYMIxa4gt_20180329,CACO-2
4WOSJYiQ7DMhlZ4wDi9ETwBI2yvLDwFV_20180329,U-2 OS
4jFEcA1il8iCDj3GO5sEhwtC7iLJwRWX_20180329,HEK 293
4koeMVOm2Nb6SJ0JSjAfH7n8MzHexEg2_20180329,A549
4n1TQq0YNeQ02SUTjxRFdQjbF7tt4mHr_20180329,MCF7
4tYm8AfzNzHDSjuOHzqQpCiWrtOCLfKi_20180329,U-2 OS
4y7YwroNB6Al74PnHqND2meicKC3oGQH_20180329,U-2 OS
4z5w0pvbevRYSyx1nLdBbpfmbTjOQvub_20180329,RT4
52WKdNl34kl7QeMxS4AdQooCUxIqSZin_20180329,RT4
54GyQL41iZle4wAoV88dAl7G8uVPNFPz_20180329,PC-3
5AuaYp95oZCQHbQGMFJP6OPKfLF8bbaJ_20180329,U-251 MG
5Eo4YSW11Lc3VWZV0x2ZPpQHBqlkYZGV_20180329,U-251 MG
5SzQrbzsep2X2viuvSGMbBKsqQx0WXtV_20180329,PC-3
5ZFPErhpMLvt8JbPl8B1dp8DMZO1Je6z_20180329,HEK 293
5gSvnQTUEq3MTayMoRuYPDI1tjjbxnTm_20180329,PC-3
5hHoiiuIDtwbvJ88Yj49LQYhJ1rNB0sk_20180329,PC-3
5hrDgHPJqyupUPxTRi5uVUYbvevJxbW8_20180329,PC-3
5k3cSviiIRbKxMYBNzBSuNOSxUgiVvWB_20180329,MCF7
5mEwKPG1pt3ppv6sNh0uBsEdMCLF935m_20180329,CACO-2
60eXXdaUV3Q73i7SuceWotaRJjh1QtSG_20180329,A549
69KuyquY18G1AypO8nhZaCaaLMbmEJen_20180329,A549
6CerwBWvNCmxu6dFkzAJfSL3oEImFVR4_20180329,U-251 MG
6D7cnsxsoHj1sz6xXJmO1wBRVXAdyeov_20180329,CACO-2
6DlSXIxMcq8T61xqmvYPO1BxLaeZTM6f_20180329,HeLa
6F9WE9FROG2sYe20kahIGJMI3i9Jif6Q_20180329,HeLa
6PafbmG5qpKtZBnZvKY59sZTpD2VO1Od_20180329,PC-3
6gjLzaWfzWYMIcVKNnPd3ikv5RtqSZRV_20180329,A549
6l7GR4n2U4boXbH3M3sCkFVeIOLXDZQO_20180329,MCF7
6qFZ1Ptm7wm6mZE38Sh9K0VdB66NPs6L_20180329,RT4
6tazMaRtH4dqYbI8eFAfR3dEuUSNpdF3_20180329,A549
6ue2NarVWFVgzbaYRfdm1sb3OmsQxY9w_20180329,HeLa
6vpj84sVWS3wLcOiauwBcUayxHIwKyYQ_20180329,RT4
6xEcp1w9SF9hy1Vk68H3F2fSjUATrZfu_20180329,HeLa
6zfbPPStFZrsp5wNcd5m2IEB4D4mpdyJ_20180329,HeLa
7CVGZgGRbmwEbn3IDDwM1OvDnoR6w9Eh_20180329,MCF7
7ES6VtqiTRFaEHmdvXikvfhuWrQ8bfru_20180329,RT4
7Ho5LBymtwZsFzowwBUiwRpBo4i9DlCR_20180329,HEK 293
7JJvfOehUkRsmXLseFGX8bv4gyareTI5_20180329,HeLa
7QwA9t96PRPXWTz1wpQDyMdulfbabDtp_20180329,CACO-2
7qeE7mNKnYBE9SgCWXYGZfYiBL0C6lvU_20180329,HEK 293
7rNXg0YZ6ek9UIoP08QzQv84Tb1beT9G_20180329,U-2 OS
81d49DHys6UV6XAKIoW03xiI44jWXAnE_20180329,A549
84Um8dO9n68I3pIyseUyZ92Bidbmm1Ir_20180329,MCF7
89NcVEnGdl51UBxY0g4Gy6hfUo6cH4IZ_20180329,MCF7
89oZqoePD5UihFZhRTqtYYh8f1FOtkkH_20180329,U-251 MG
8MPIbzx1tzm5llqNbYm3iiE4FndDJRkP_20180329,PC-3
8NEwgZ8Xz8KrEAEHwUGtHDTVuyvq4i6P_20180329,HEK 293
8NkoZhSKvP0pzUL4CUcrx9YTRTsx21nM_20180329,U-2 OS
8PCdcOtPRw5PO1iAyr4EcFkmgEL297hz_20180329,U-251 MG
8RzTGpQCTo5IO6UiufBX0kZHovCjl5Qn_20180329,U-2 OS
8TTrM4rRV8ocn5LF5zRjUbLCFfC0JY3G_20180329,U-251 MG
8TpV3wdqSwK4zEywdLPOLGrT19pZQTzh_20180329,HeLa
8Vb20v9DwyNS7YcoL5Wgd49XaA9UtlDG_20180329,CACO-2
8c3bNtvUNxnx4sacyvH7Atgg47Sh8Mml_20180329,HEK 293
8hBQfFzgJTvkMfqXHTbBzsk1fZMdTOfe_20180329,A549
8kNTlrCTlOxfitCniRt0avvIKcLcg6Ny_20180329,U-251 MG
8w0G1oXr5jtDpaWxGGw7apdBVR9P0Axr_20180329,CACO-2
8w4s0vqhpf15qTcqu6jEJ4yK7DuCEz8E_20180329,HEK 293
8wAo6TaGyPxZ8YUSkhbvM8vXKND5fVZJ_20180329,MCF7
90ZAwwgiVu5kzJZMiGDN3n1vvlucGnIC_20180329,HEK 293
91qzzdEhWkyM4AuHmj0C6MeaWNGDUXZ8_20180329,MCF7
99wkaCLVOaPHwGFXznjDxfxWMhTuW380_20180329,HEK 293
9EnvKzILsnULJ0CuAXmbL0mM1ihDwabx_20180329,CACO-2
9FQFgZ7UrDP309Z5ALFoBlDxO8YVyECT_20180329,RT4
9PPyyUvdmdg8KRYg0KztfWdIzfU5eLUc_20180329,RT4
9Rmox81Vmupp93p3jMCQfTKYlvNh6QKl_20180329,HEK 293
9VoKzYWoVqZpnzYh5p0tgJB1Xswo8LFR_20180329,HeLa
9aUOyugkzvo9Ohlknet7tDb5XUuxbPbX_20180329,A549
9fkZuwTOOA9VnN2aXlic0t4IYcRDybpR_20180329,RT4
9oRw6VEK3U1wD6RzxyaoCTE3hT2f0DLQ_20180329,PC-3
9sKe3keLAnPtkxQTaVnowA89Y3FbLQwi_20180329,U-2 OS
9sbkusdw45qXYh0W8xOmjWtZWpLKv2hF_20180329,MCF7
9x3uKHEY3cGlhMFg2KuWM3rMme3alJja_20180329,A549
9xv8S8ivVw1XVhqqTI7zYbNIC0yVJ9iX_20180329,MCF7
A0D9xricOgMyTVGT8LX3sgBceZpAw4Yw_20180329,HEK 293
A2PEf3LSRvNPma6E7Pqk65GT4Uto7QEO_20180329,A549
A4hvuv9wxEGR9aBTgvDeylY9zaM3Lky0_20180329,PC-3
AADnaaBH6vdVXTrojvEIn8Qj7QzATFnu_20180329,U-251 MG
AUp0r7ghCCKuuemhJTq9Kyu2b2yQZnfT_20180329,CACO-2
AVwG129iyR8CZOIA450Rx47wqVYCaarb_20180329,U-251 MG
AaV4J5Z3GrkHsD8BN0QDeXxNiQXgN2PM_20180329,HEK 293
AeOtiHtBjoZhkPkb3VL3OjG5W5LoLIgg_20180329,RT4
AfuGvGnOOnkTaLZkuHKJFymEAdSExini_20180329,MCF7
Ah7xDolkW8MY8V9CCkkArOrj9mqxSVGk_20180329,MCF7
Aj46Rw0qtPbaFxjFfsFYufn98zBsNSjd_20180329,RT4
Auvb0w7GstGtQZfbjgxs7ZRgEsa4QVEy_20180329,HEK 293
Aw1KUsDi8Lc9JXZCWCYQrhqQxD0f2tJs_20180329,U-2 OS
AwnjWJJONEAum9dAFAlK969X8qH5TMfJ_20180329,CACO-2
Axw9tMOrXJHH8xbilfO1KNi0T9nTXWru_20180329,U-2 OS
AyiEtn0XDkOBbQDHrAQj9kRb1kgiZtjm_20180329,A549
B0U4Yo4Zi5bnI0J1jbxMXdBBgQLUKltx_20180329,HeLa
B5KWQmGgzulbLkhg9qQtBcPWJf0Toa1a_20180329,U-2 OS
BAua79A2yAagrW4BSXAHE3Cf4qZ5sovh_20180329,MCF7
BDnpZVQJamLzXDbVG3UApu9WowYyxqlN_20180329,HeLa
BGnDerOKnfTZAroJDtMK4nRFI6Xu5NPY_20180329,HeLa
BOyVlXAnUJEUtZRe076uLVm0j0mmiD7G_20180329,RT4
Bc7KwPLhuSFkkH9i3sEuibAchG8fL0cy_20180329,U-251 MG
Bix1Wo50YNkg48pLD3EgKYp7ZN9dEEA6_20180329,RT4
BqGCuxvQcMzbnRp2sLPI3kFcKVhJIiK1_20180329,PC-3
CEJWjdPSFAtX9LZI8yvGeUSbYhg3Qq4V_20180329,U-2 OS
CF6p1El8Ui62c21B3tu5vMqrvaHNPiqa_20180329,HEK 293
CNvotA7Gsq37oWgBeIuaWigaMjk0mFMD_20180329,U-251 MG
COM56fDEIprQ2Nkyay46WPNqATrGl2Sb_20180329,PC-3
CStqtx47HC9d5DgdlOow3Wevs9btcU6G_20180329,RT4
CV74rEgEFZRR2YAvem1viLTBr6ZL1ie5_20180329,U-251 MG
ChnMH18uksnQmuXvxbOHBtwyi89HXwmi_20180329,U-2 OS
ChtHzu7lyHtp9gNNrvp3kUjDagsvb9IK_20180329,RT4
CjHEnrA2gpTUXZUGdST6n79BuWtQr2Dq_20180329,U-251 MG
ClgTRtBjmHaZwznZOW9fId014ITNobDV_20180329,PC-3
CqTj5FM94o3abWPVQvk2xjzbMtosPJPW_20180329,A549
Cu1xJC8Zj4H8JnTvbC8GB8x5s7zvyk2d_20180329,A549
CxbunypX9RD3l7oTfnG05s7o46uzpE8v_20180329,CACO-2
D3HcpFW3TwKGLiFRpDRc5213X1RR76jE_20180329,A549
DBuF36Rp9SYhjeIr2Cwrh17jZ97dpKi7_20180329,U-251 MG
DC1WU7h9GJHkvPCT7CjeFGYAxdCOpuTD_20180329,HeLa
DEK9IevYnOsyQTVvlDU8eFCiQhs9WNX7_20180329,CACO-2
DOEUd7HnFIR3kAFeRMOKaQPriUnos6ro_20180329,U-251 MG
DREwnaCA8ocC6X7uIhd2OPfWY68DUVG6_20180329,HeLa
DZU5MJ4mIuP3G5xYtiGprHwYEiUd79Vu_20180329,RT4
DZr1xF3j7dz4nPX9xB1sK3Dp4FeUmmYY_20180329,RT4
DfsZJA7GrGUzhAMSoBvkRvLZ7CPUokkq_20180329,CACO-2
DjGxb8QRq5GDh1ccBGQeMJLBGCUsfpvB_20180329,U-2 OS
DkLHdpSnOl6i3hh57Q3lBMJxl8p53XBU_20180329,A549
DrnSuDnjLCgg8u9zTipG8pLFpX3NapeH_20180329,MCF7
DsaGi3prGGEAK2jDLXIowBEcZ7aPNb4d_20180329,U-2 OS
DuqKXCzMAkgTuYw2uduu5wDXrqyatbUp_20180329,U-251 MG
DvqySwZzPK10ChS4uLmdzM9hRy0K5noD_20180329,RT4
E9NJhy1Ps21dYJAsRImYMfpipOOMbipX_20180329,U-251 MG
EBT26ke32vKCuEcpCQ0sKZ6X9MoX30zF_20180329,HEK 293
EEJArYWbR0ipGHIabxyDS35C9GRjTbwe_20180329,MCF7
EIORpDkU1DEeGm4lJeQJflb0JEKgyQWO_20180329,RT4
ELbmuLzLEdMpeXo5MsokbSJo1Wo5VX4C_20180329,HeLa
EMCkCJrbmKSkY5tGekiKLC3PLhwXHvx1_20180329,U-251 MG
EPfqxa1ZzXT5k38LrBkvqjyqLB3Df51P_20180329,CACO-2
EYXvzIkMRRnhgrU63HYQDCURaGtQGXFx_20180329,MCF7
EaNKpe1cOmy124tJ2tm4abhHqPQE42xE_20180329,PC-3
EeW4y6FhifVz1lvFmxSHmRwlxLAzto0f_20180329,U-251 MG
EiQ8c7SpFsmh0TOatktObnh4B5Z2flQy_20180329,RT4
Entnw4kss1oOtMqZqZHLqeNmoLwhSi0v_20180329,HeLa
Eo771zbRyrSA33bbEsGennwCDlZHz5SO_20180329,HEK 293
Ew9DyzmpgyRKNBaA6xwPp9OZtpalYYyv_20180329,U-251 MG
F1kn2lQZ4rnJtAL84m0EXIL5xR8rCWtq_20180329,U-251 MG
F72iPztAcIkSbQVPaFq4Jl4qtLkSjzqh_20180329,CACO-2
F8H6KLnkI7s7MubSF11J0gu1B9Zggxj5_20180329,CACO-2
F9A1LxNWKOPwRbpgsAX9tI5mNPcOo2sa_20180329,HEK 293
FIoV7ImEyaqEQa5y0L50lq3TIynWartb_20180329,U-2 OS
FLpr3vbslanuJ60dhyPcOF35HEZmimzq_20180329,CACO-2
FOw8aoILJiR0WQBE5AUN3n3ZlJBV2Cf3_20180329,CACO-2
FY53LsjjCd0SJ5HGK0oeR5OmVClrUnsH_20180329,A549
FYLm9jAuT9uTgBh3yKgs3XgpqEl3PhaI_20180329,RT4
FYlBfsv28ta7RWZUbRGIPBh7x7eMAUFg_20180329,HEK 293
FeC4DkWD2qbp4GPYeAUIElF5KjrDvy3H_20180329,HEK 293
FiSSN3KRhbDR5l6UZ0nRZhvjW3P2nTjC_20180329,U-2 OS
Fiu9nIyByh8JqCUvUb0pJJl03G0Xbrfg_20180329,HEK 293
FpsybVTsWnohAGJOQGO7mYUBITNQymie_20180329,U-2 OS
FxK93uos2BE2pvQpBbOw4BllSmsrrm99_20180329,HEK 293
Fy2AEb97Ze0a0eRtzUKJhwR6lCS5OQFZ_20180329,U-2 OS
G3bqRmtiaIXdWrdWlVkUqW2C67AvsPYz_20180329,U-2 OS
G4aPN8y93iq7IWGC2Yx93ZNYhHyaOzIu_20180329,HeLa
GBxtNpWl9biPIWA6zcqbdh9OxIKBhEyu_20180329,U-2 OS
GaLnchSvv2JjRv08l2KKsePQTEsVIyZW_20180329,U-251 MG
Go2lBBxrJ6z54nEW2uyhaXhjuicQsaQa_20180329,RT4
GqN8KOOGoBl5JF0Ot3BXFKtfMWlJDsYE_20180329,RT4
GrToiOUeW42WYiw7BF4U4dLZokRpQXbu_20180329,RT4
GrflamJqGPHmWDQsp4QqQOEBbFrX9n1R_20180329,HeLa
H0xrX6B7nChTyymRCqIoiSwugiESfClZ_20180329,MCF7
H2Tb17RppywBP828btJXx6jK4x9nEF4j_20180329,HEK 293
H6uBU7ShMliWb7j1jBJsYsYXvSyUhq2D_20180329,CACO-2
HGi7Qs0JzgwGK8p5b94Ugr0p0Ypm2cyN_20180329,HEK 293
HKEiQucm9hfemLDgPgh3heXBHznjoXSf_20180329,HeLa
HMt4Utv8WK4t5ZinIUzxKtG4XZQgmary_20180329,HeLa
HQABiQpRCIicz9bLbHUzzxbw2gG7zjcq_20180329,U-2 OS
HocWtGbG9QEX4xIOsVI7HglXqukvUNPX_20180329,HeLa
Hy9rsLANNNR41SAxSy4zuR4i9VK36xvZ_20180329,U-2 OS
I6Kj8q6jmtncGyi7aysGxpHpLNIE6SiL_20180329,PC-3
IB9vJI472QE8pNimoVGT5bnHlQWCf9DF_20180329,PC-3
IDKnaGXQSPwnCxAx5U6dQ2Kkgebxc6iX_20180329,HeLa
IPwVeA9acA9LcrzuHcIBEg1TBJznRvcN_20180329,HeLa
IQsNwUS9kW2fa2ciGRq1ZygdkggulvHY_20180329,HeLa
ITxjoOTuZkLBaHX748nlHmV17SCd2a1u_20180329,MCF7
IbrwgabQT34ltnWN1nulGD1dIAY0fe22_20180329,PC-3
Im7DskioY8Rz3saB0SYEkSfuG2Kd8o3x_20180329,U-251 MG
InEFeFbqnzUIXYzQcWzUyFSWAQwdaBDo_20180329,CACO-2
IpD89lIebQsMLmSD184Ep3t8R27aNzat_20180329,CACO-2
IqZ8J2VX6BCe8W94hdLK6DPJNNbbBmbk_20180329,MCF7
ItnzyvdgF2tJpZJC3rOFSiGdYYYKGnvD_20180329,HeLa
IuO5tcd7eE42RPLFx0UMVARt6aWP4pr5_20180329,U-251 MG
IueMn3JlWsnIB4ZquIUbCSOJXhEKVziK_20180329,RT4
Iw2VIe9m7FrR4bEAo9S8XQqjQIZQgypI_20180329,U-251 MG
JC0vdGOH78lafnb8sOb8pcgZDY0Q1JYd_20180329,HeLa
JC9pASZeZXh7cOcHv2J5vSS1A3PHZamH_20180329,PC-3
JHFBX8PWFz6sbyaraTEHZQrwsiPsqebR_20180329,PC-3
JLj3je0HEC1xG08j9JJ244jmcx2PtfEd_20180329,HEK 293
JP91kAdkaGuVme34bXmSjd2dG9hE3uCg_20180329,HeLa
JX7RGRcl3azx2Cx828enusEPYQWjgtgF_20180329,U-251 MG
JbYGR449FhNut41Flwc3ciSYkFyEwrgl_20180329,PC-3
JgoXpA0QHnYy8BiQQ0s4wEvSusquTfap_20180329,U-251 MG
JkDdO6CkIE0MwV56T92tjwBaG4E5dMWL_20180329,MCF7
JomTsN94Qz2UCH5rvqtnlJSdwyo747Ze_20180329,U-251 MG
JrqKltEyHQsXqe7vG8YwofwlyUNqCZL1_20180329,MCF7
JvVOUbSanOmTTRZFUdrwr7Yln8680Q2k_20180329,HEK 293
K1JWCgBPXYQ2ctFdqpjuORNledfNAaXK_20180329,A549
K2L1dKqSuho9OQrJz2iYJZaQScrx4eSE_20180329,CACO-2
KIVEeosP8XSlFVgtuAWihytlLIhskQSx_20180329,HEK 293
KQ7Jqf9I5ZiYw1K666oKhedInr2smIHi_20180329,A549
KQEQSR1jTtx4yr160SP4nxDh69Oeb8qJ_20180329,HEK 293
KQTkIB9FmrBHcnOfDoRsnPc7gkkdqzIj_20180329,MCF7
KSVv6oIQV9LYn3w9VA9Hei07DnxbY5v5_20180329,A549
KWmqnlF6chciNYhYjc8g26Msz3JOmggn_20180329,PC-3
KcDG4KDvqLEvQBqcxXGgEyG0R3N7pxBj_20180329,U-2 OS
Kjsb2K64nYdyiED1re4KiMmE5AUQmaLG_20180329,MCF7
KpxcdC3D9b8728TGmytYrMpVEvIO62u9_20180329,HeLa
L3eHzSinhuzY5913CvodOIcKLG1gANHm_20180329,PC-3
L4RkBuG59aH9ez4Ptuk3uKEcu8YxwmFv_20180329,PC-3
L7UZlgjWTuLZ0OuV0PZUaLjabueSkCGM_20180329,HeLa
L8YYUqE0RIS9fl87QVfJ557vEa8aBG8G_20180329,A549
LIXQC2gvlZ2MsUrFCkXtyIwhtBOjhgGE_20180329,U-2 OS
LJztJf58I5RKwMyDrqqSPQZD8lB4ZVgL_20180329,RT4
LQATCoy6YgjzfM22ONXb6IKucV7DgzCa_20180329,A549
LTseoE2vsyW6ywkbBRujulX5KMIiprM4_20180329,U-2 OS
LeJl4jsg1Hn8UPz7MPXs4ZGBh4ea8PR5_20180329,A549
LfkccB6QG9591dDvkjQQGD0xIkN3TbS7_20180329,MCF7
LjsncNAGLqnM5jSLWV4ZqGif5IJHPPax_20180329,HEK 293
LphGhefibhroksphjDvZLMtpt4vHC5cS_20180329,CACO-2
LsuSF2SZV5XubH5XhhJ8gy2GjJLtzibB_20180329,A549
Lt2smAj6LxDiOJWLbproBEwDae86WJiR_20180329,HeLa
M2oHQ13oOK4cYk6EO8m7HIlxwpWstKZU_20180329,RT4
M6AZNy2Nhw4gXA2pdq6rEBf1u1D92rzV_20180329,CACO-2
M94wFa6o3OYPSscp7MKxfaqRnwO4lAFa_20180329,CACO-2
MDcDcKPtiZd4E9VVNmGrRXqIHLoxQp3l_20180329,HEK 293
MRI2sYHurUbfXb3wCCpDbi1tykOMcBUk_20180329,A549
Mque7Lju4gOPa5kQYS8S60Mv2r7ZcLcE_20180329,HEK 293
MwAKMe2tlJcmnXAc6CWoRXIlUqaz8ngX_20180329,U-251 MG
N7zKxoP7t9n29bgIaxFsb6OiVQENTbov_20180329,RT4
NGK3U8Ex6wyrboIQJ5gHXbcHhojBMLCe_20180329,PC-3
NJtbDQoiAikSp4JX2ft45XNOQmsikgFO_20180329,RT4
NN7x2GMTH9lSdXTwyKfIabFCRAnWF1VX_20180329,U-251 MG
NQiSPkW9mXNWxOJCaEo4kfpzGVZBMNnU_20180329,U-251 MG
NjzA5vOJMqh3vR534oygEgPdTu8YMTkv_20180329,CACO-2
Npy47ISdTVcaRTUOzEwKY0hBp6USyw6N_20180329,PC-3
Nyx7sUYZlT3TMCnSOKhw6YKBMNQa1Zg2_20180329,HEK 293
O4FnRSot1JTHFpugj7GTbLk7DLxCGnL3_20180329,U-2 OS
O9y6kJtEQdmeOTe5yzByfVOyQJUxo5M5_20180329,U-251 MG
OG4IMYjPOe1SXQjK4LSi8uOaab6HxNQC_20180329,U-2 OS
OMfNdf2i1ro3FEI2Y59xjSFcp6W06TK2_20180329,HEK 293
OPeoS6VEgU6mnZRED4wLxeQSvedNoOuh_20180329,MCF7
OWAs9aZVNcnP0XMO2aT5ZN2b1lgJWGcU_20180329,U-251 MG
P0DoJ16J24DNl6C6tytLmUQipi3ZjL4R_20180329,HeLa
P2045ev4ALg1cWO1mhy1JADvffrmXNWO_20180329,U-251 MG
P3dArIvZIrjX7ASz56T1eFRQuAajF2E0_20180329,U-2 OS
P4X7b6ah5HhQVkDAq1UaNUAykLB2GqgZ_20180329,U-2 OS
P4mnqtAngZtSCp9n9c03sZqWfAxWyeGQ_20180329,PC-3
P8cbRjJVC1CCTFmxJqJ59uRSXYmQZLM6_20180329,CACO-2
PC1M1pwYFYmI1KN7Izy5mXLa1jh02Gtk_20180329,PC-3
PDQ8wQvVrGsWIfqISHhKzmggxkYnDtb5_20180329,MCF7
PFK8LSnnq20V7mi81aWM7Bg7q0QMfNfu_20180329,CACO-2
PLuI6FSbTOovaHQRYzKl9g5md2X1LsqU_20180329,HEK 293
PPbYyYUHqLWVRdmsZ1ThHfNSVWxhbSAv_20180329,HeLa
PUgscDbeDGgb6yGngfTZCCWJGQMOsGg9_20180329,PC-3
PWj6i4zcVYnwerylsnvLXSHdvM4b64zO_20180329,U-2 OS
PcMSfB1RR1uI2GrmZxh6NchN4VZ0CmcI_20180329,RT4
PfBK4v4HuPgZaGi12St0Trsq0vGik4Ql_20180329,MCF7
Pgpdnuiz3ZgMH6OGEO2MwcKqyff92fTa_20180329,MCF7
PsXrofTS5Y1l0CXW2zfaopRKsquOJyXs_20180329,RT4
PtIVkfTIVE5hDbXd7HzuFpTZJ6YOTt4N_20180329,U-251 MG
PtYcsJRoEwv1XlBqaDpDlcc3Ge2oC5TP_20180329,U-2 OS
Q04NSGLz6wwu66fIFwlAqhfBlxFBrRxC_20180329,MCF7
Q0RcSvRFYetOG1947phlBoSXn8uODmiD_20180329,HeLa
Q5KgeaH8PGObFBkKqtw04QW1rHwxM0Df_20180329,HeLa
QAk4Pd27J7TWim4VEK8V563VwXKrrSOr_20180329,A549
QOXdACKxRKmGnRWYU9NLs1bIKBaEGApa_20180329,PC-3
QU8ygGfJBvY5dmBjNuL4Pd23JUGEsmaa_20180329,PC-3
QUftgCUdfE6pQgC49oC5rmdGMiAGrXb3_20180329,HEK 293
QVMahUJ70ow7ys4FOQtTVpFDP51zVxP3_20180329,MCF7
QancmGptswVi3qFXInQXfO17wwDgiPSw_20180329,HEK 293
QnHpnsiN8T9rgxjEAyrFcT2UnmdIwWPE_20180329,U-2 OS
QovMZZm1EiBaOaq4BX6HTmkayCfi71IH_20180329,RT4
QpFCbwjrAbhoSCQu5KoGC49OeBndkXbN_20180329,HeLa
QvcevzFaAALkZjUNxuKOm8aEG00uSzfA_20180329,RT4
R1Sni8xMU5TUHVKbQIseCo1GYd4sdoPL_20180329,A549
RCpuhxdZEspGaepunWFouIq8LD0bodsS_20180329,RT4
RKWSUjp9OBp0nWGdFz70E1njhPREwrL8_20180329,A549
ROpXPzI1GCkTNTyPVb6bUuTU4EUJbiiU_20180329,PC-3
RTo2gJF1dj27Q2KCD0M3YAY0084VcolM_20180329,HeLa
RV1exRwkEqNSasEkmWWt4sHYvvrTl8UN_20180329,A549
RVv1AIR6qSMeSpDTJohVxnX7gkkhYXFI_20180329,U-251 MG
RXOUktwb45dH7pB9COk3N87wyRUdPs9g_20180329,CACO-2
RdLhQeDdrVAHVWszfvkFhx5vifo9sZXJ_20180329,CACO-2
RfiBrmdAhA4O5bXMMIjyLfMIBJRR4FB1_20180329,MCF7
RgPml9psd9CtNYfum9sqS2qycl9T7LRb_20180329,RT4
RmW1pjJEnQq3VzvdGl95Y2h7mkOC8EAY_20180329,MCF7
Rpii7oD4YyaKW6RJf3kjomaounl2bmDX_20180329,HEK 293
RqC1g87gdUaAe4zcxE5m0cZt8nVqKO8b_20180329,RT4
RymOyMc986tAxBUGCwq7XMz24pgZq2mo_20180329,RT4
SBLBYLMNHm5eXkwFrW2O1BCQjZO5cZiW_20180329,CACO-2
SLITMncfn7kBPULCauodYnm7e8qX8WdO_20180329,U-2 OS
SP9MfQH9aPZc68AgLz4K6qMiZIfQ7NJZ_20180329,PC-3
SPB0cOmJ6NGT6fi2WMKz0LRXmBgDuCVa_20180329,HEK 293
SpS5iiuti8ab4eIfCWc4yJzIJ2Y6MxD5_20180329,PC-3
T7C8xPHtUKTEwSgzQAQXmeaoO45kjX1B_20180329,A549
T7qCWYnSimNZv4YdHw8ON2hJ1vE6w2UC_20180329,PC-3
TE17Sd8KrUtbFsxT6Pbwex6Fb00QJAXq_20180329,HEK 293
TGTEs4ffi7YNo0vgoGX2EWJ1Dad4Bygl_20180329,PC-3
TNGIeqTf8LRlveK45ltmUgaOmSHbAbQK_20180329,PC-3
TNlN8zptofZAUASZ7xwhevHGFFRDC4oo_20180329,HEK 293
TODHmSlpgMtKNAx1liKTXrxsSEMLhrzD_20180329,A549
TYFmAKWFGh2ssNxiCg3B29VunzlUzT4N_20180329,HEK 293
Tdu3HuLuRKNeHXj66BJsBuYV8Pz7r2JK_20180329,U-2 OS
TenZ16FiB0M8huO6BBn4bEK5i57Nf4b8_20180329,U-251 MG
TnhUPTOVdjgttfga7H1Vfs1jzc1FD4H0_20180329,A549
U8F6ufmvTIdybVnFTmwJQx0FkUp8xKSA_20180329,RT4
U8jkenh3TL83QLnkB5rnexwofBpojMo3_20180329,RT4
UFitndW1DV3RxLHEIKbQSYso0gsV7xmw_20180329,RT4
UGeyFCkaDwLTRi6UebBHNYbQ0BcNzuQK_20180329,RT4
UPVBFmQ2LEIalxR02lwO4yeGA1AwuAtl_20180329,U-251 MG
UX33CGMIl1CRYiiVjzrjmmRWCXcoe2E5_20180329,HeLa
UZpjyE5LuVj7vgaJRwClDE60Hn0aAHKw_20180329,A549
UeR9dNqunNzby91wFlT5qMEP4mxwscPs_20180329,U-251 MG
UqaqymKbEhe653qcbktW2gma3RTXvZjh_20180329,U-2 OS
V0LEui9hqUsvbWU2nTeXLdAlYi1Wnb4a_20180329,PC-3
V4YzSinyrPx8z5ovfYxQZxlEB6rC2jqE_20180329,CACO-2
V5wHtd4zaW6uhrsykQYxRq99qOpDOI84_20180329,HeLa
V7khXlRQ0LGCMzg2RWz9qCRUTaQ1BQC1_20180329,A549
V9gvcErx8c0JApZVDJFAA8GnxkcmxRCr_20180329,MCF7
VT7at8CCRDO0wE9ZH0aVGC9nPTW3OOPN_20180329,U-251 MG
VUYTpLbE9oyPJBqcEi5Ib26nfb3slmwy_20180329,U-251 MG
VaqoM00JvwRIiJaBXG85qr9LrEEFJdiM_20180329,HEK 293
VdTQTBM0X18V2o8WXw0ZW8V7mnIKMo31_20180329,U-2 OS
VeApuetnw2ljkrq2F6fzabFQBHvl5Ydl_20180329,HEK 293
VqqtfJTxgGHWlZIKSvn4HWny2Qpxirbd_20180329,MCF7
W3TmC00s3KpVjInIbR2rSpFUGIB0VwKV_20180329,HEK 293
WB1Wc4820DELza9jnrmUf7erVr3l6j3G_20180329,HeLa
WJ0VoxGlBHgDVrIUIrrSkztdJ73w5Zyf_20180329,HeLa
WJBEnv2ikvztQEjBsUZ51jjiWbN1M3V8_20180329,HeLa
WQv7w23doEehgy788AHynzl3W0lJ5AFp_20180329,A549
WS0qlB0njtrrNKg1p3tamiNSoqzdocf7_20180329,HeLa
WUWjjwOuFEJh1d53dAAHQVfyP9mNGNDU_20180329,CACO-2
WfDtUu5AtBZVuK5XrBN9PEet6YpNcVbU_20180329,CACO-2
WfM8ctk1oXGfh6kWbDsV73AeJXPlURNk_20180329,MCF7
WfxvZj4iUnZXtOgbOys97l4RQuHQL5XG_20180329,CACO-2
WhAPQsmJaeuJN5qmLtS6EiYwAiNzw3CD_20180329,CACO-2
WpNKOhYibbAyEbqQ358a8SpJK8FtGtfm_20180329,MCF7
WwWmE9FPvqFjlLryyuvVgLr5RID2c5tw_20180329,PC-3
Wx0do7LpWwiEqWNI0RmTMA1foqvAa6KY_20180329,RT4
X76Ed9ovLpmiGtkl2FoTXG4xNFqeqxht_20180329,PC-3
X8ND7DT1t0IWTvj1Rx4BOj5H3bhiHxyt_20180329,U-2 OS
X968prNufrHdwJk481VPqu9R56YwAJRG_20180329,MCF7
XDFklYERvEI26PxFiAN3IZ0kVBrdn9xa_20180329,PC-3
XEupIqArc3a7nAY5uwonfVWZjS8ChjoX_20180329,U-251 MG
XGGb6vO1MtI7Y3wST3KEfXKICxxhiLDa_20180329,CACO-2
XHKKK5KMxqEI3PVAfZ6WpyovoSVId3xR_20180329,U-2 OS
XHtqdzELBI2C29lmCule77CYahiUDqch_20180329,HEK 293
XIyUJHPxkRobsh3jHdjgG65VCcypGwoH_20180329,HeLa
XM3dJ38wHvt5ZUuu6cu1aH8y7c9e6QNs_20180329,U-2 OS
XOj9ZEPInesKkZE0wPa3b5C4S81ZI3hv_20180329,HeLa
XOkMaQ77xq0tSzqX4CRq7TZaDMITtAxs_20180329,HeLa
XSigjehkRZhidX8NH56NHZXicBWQHtyE_20180329,HeLa
XbfOEs6KDJggrvCnUIV49wZEMPpLdm5j_20180329,MCF7
XcDpyw6IfWYM9KiVHsMZZ4CUPW8uCXIt_20180329,CACO-2
Xn2L5sAH0W756dTAb6roA53pUkIa2KhM_20180329,PC-3
XnHcHXXI1av7R9UAZPC0FD5RkdF6uKRp_20180329,MCF7
XsKQUXsUFr8SO4Q7MZTK192NDYJFi5PR_20180329,A549
XvEQpObU17lzNBPPlP58EzJcOb43jwPy_20180329,CACO-2
Y2jIE8kAwaunNcdBOrZOJgOLvs0rl7AW_20180329,A549
YB1Uiqsuk5Du1n1czdavYeAMBIyg7VoU_20180329,PC-3
YBWwebcAA4W2BZzeyNlQ8EFvOdTxn0ox_20180329,U-2 OS
YDWftmAfXC8i2ogGlkf1OBXP6nmbNF2i_20180329,PC-3
YFPHygAzuzUhB5AFDSTO0nENcAZVQNH8_20180329,MCF7
YHEs2bFhb6azALET9kxvLzYj1e7OsXA0_20180329,U-2 OS
YKOM8e56aFQthg8KFUxdoBWfQfmaPOjq_20180329,U-2 OS
YVEracpg4BoJRYuxMZ6bLrhJafkkM8XP_20180329,RT4
YlfqwUjd9mMNTB9q7PAyLjUZA7jRPeCk_20180329,U-251 MG
Ymc4hKVNMWXOlpyt36aZyk3FJ5tF8dyM_20180329,RT4
Yw3bJwqKEKBe1RPq3ZXfjx583NC1JQuo_20180329,U-251 MG
YywoUbNyP3JpDraiVE7IknClMlpDOrbn_20180329,RT4
ZAobxiaurTTc9PpCy4kJSRcVDfsPJ7TK_20180329,PC-3
ZGphDiQ37qZE5Yjg3PAV2zILLG6Jd2HY_20180329,CACO-2
ZJTf4fDRiLcq2ztl4nXnz8rJBuSZp8Y0_20180329,PC-3
ZM1TUlPfYwQkExABWxBj51MhaN2lPJm3_20180329,MCF7
ZSco601FgII1EN8rTc4bNLVnLUfSILZU_20180329,HeLa
ZT829A7gEVtXRR3rbdZJFEFmaDPVVun0_20180329,CACO-2
ZbwU8GdvclXkUxQQN0wzVNeq8jT2gXlm_20180329,HeLa
Zf8JjFazaW4zmw8Jp6lFYdkDJ2zzjrw4_20180329,RT4
ZggHe8FzGNnT0VMgNaeGYLHopkxdZsQo_20180329,A549
Zj5ctcyr76lyIczMgbXCGEMlSRlvlIdD_20180329,U-2 OS
Zo9cuLaZS5i8ARVlO0OxASgiGGDGG3Uf_20180329,A549
a47SZx10HF9Sb8SmTzxMj9P1CYXhZtFR_20180329,A549
aCJavCk9IeSZ9TiqyHpVUOrwHZvfa7vz_20180329,U-251 MG
aPJWsaEkhuJGln1Z5FHeThLQNJeoRiC4_20180329,PC-3
aWBqDeyp2WEUFAvHTePyJL9c8vEoGWzT_20180329,MCF7
adcXYpj7oHtz9LOKqXpEH23aIp501luk_20180329,U-251 MG
agpN0mSqpSbWFyxWaU1aj5pWR9nteHJG_20180329,U-251 MG
anU6d1QyMZ34V5KUnXXSYfMNRkqESTju_20180329,U-2 OS
araEPXV6ZXR3ijxYdT5rsVH9nceQqnZv_20180329,U-2 OS
b3qAm5OwtOe5R8VevYbAxxrQVhJvXTiP_20180329,MCF7
b6ggdojwLX87Slf8qc8c49U4nlKFsWoa_20180329,CACO-2
bFga0TzXrNEgFvE2574a8nI2SCwLCeyw_20180329,CACO-2
bMbb9WQL0gRyzrl7JMHWuef5nq5640oO_20180329,A549
bN0EvPQ8cuBF5D0LPbiH3zIrZ85JnKKk_20180329,U-2 OS
bV6yO77pZyOTEZjaUbTnjM6XbzgM0KYc_20180329,MCF7
bbVlrDdAnZRVonspbadbHYEErSFndrhF_20180329,HEK 293
bdkemTMe4VKAa9JrViZWYBdONt72EU6t_20180329,CACO-2
boG5MZ3DnMN71LmO5lKmTymQqQOtZ3e1_20180329,A549
boRzfUyGkfOxY3UViUtwTuSv588bDkJE_20180329,U-251 MG
bu4jXcRbMEkG7sLiptuDQfDAY7szhhKu_20180329,CACO-2
buKDE7c3xUkVYsUga9EfG157klDKEgWy_20180329,U-251 MG
by8Cefa4tWNW0XaldgC9PdppWXOoLz33_20180329,CACO-2
c5ndzM9iJaiKq324pfNHOU71VN9PGcdG_20180329,HeLa
c9uBtQFbqDAbz3rItTAZtTFvtRYpBhIU_20180329,HeLa
cA2vEA4eyIbbG3pKhPbvGbUlbLyLOW36_20180329,RT4
cBA6GGqYWZKokFyhFWAQZDoLMjgXM9Ya_20180329,RT4
cEVzz4u08SYtFcoOdKj5xor1o9oHTRG5_20180329,PC-3
cHG0r1bHpzTHSUqCxoOLucdYMohZbPst_20180329,U-2 OS
cJdtCE25BWXN9v0LKOyroNMuli1V74v8_20180329,RT4
cOJ5AzTn45kEkvBBMnoKGe6WHkIiSSYy_20180329,A549
cW2lWOEPRJzr4eCHZ25JfRkpAt2BI9M2_20180329,HeLa
cWzfOMZNeKduKfoB34YOeDaHKzoUEGBB_20180329,U-2 OS
cfqWf9SrwVW5ymteGnoF7CFGCwvsbICt_20180329,HeLa
cgShcpawxOnZKW7OX4AslMixWm1gBOER_20180329,A549
d1hEraUFybzJ1Wm9xmzH8X6KQsPJ2HRV_20180329,PC-3
dOqk3AK2ARE9vGZC7p3aR5WbEtBl37Fp_20180329,PC-3
dUQIyN8rZ4wrlLSToX13h4dVUnAfxhnB_20180329,CACO-2
dWXsnYw2NyLiOaUedqH7devAnTFuhGQl_20180329,U-251 MG
dYj8kIL213f0Hog8Rmei96n7Wv1QTvah_20180329,PC-3
dc3dfaE3qEnsiO5qnKOs1pLtH7eyXmVv_20180329,A549
dfgulAFQ2P6ytlMcDtZMRjR3epH4Ntio_20180329,U-2 OS
dnI9eFw2QkTlGhWrnhcsp5YoUHH7CeOs_20180329,PC-3
dypQsagVCrkhkfxW2BQM7mtbJfzqkecn_20180329,RT4
dyrwTKDBVuBMPg8Bnu4VxceGghKvoC95_20180329,PC-3
eEMxYFhI0GVSpVcfrr4DhE0EcW0zwm2f_20180329,U-251 MG
eGlHjPYbxHwxPVFmQtgK814oWsnjizLy_20180329,PC-3
eeMmRQrrkU1fppiNvjhplee3yJpL6QJm_20180329,HeLa
ef3cxxIGZbHPptl3AHRefw8ybYMF2vHj_20180329,HeLa
efMGvUTaKKJI1JgO11SH3byikM765C1y_20180329,U-251 MG
ezTT0LBzSdi6wvPT3mJbKpQaKuXGe0fa_20180329,A549
ezlbGiSJ9vfUOTWlaGfLfuJgAXHEgLml_20180329,HEK 293
f0n0QaBs2CbDcUfvBIkVo4uCKlXZeAMp_20180329,MCF7
f1XUTJFmQudGt1J5hRfigJyq7Hqtfd31_20180329,HEK 293
fBpBMB7h5or2q5KYEaRD1ZguI2j6qQRs_20180329,CACO-2
fO2mUMNyUwQmbnE0VrB8ew57AplrM5B1_20180329,PC-3
fRGOJOTe9YRXYhfA7bMurHkS5sBlfsVS_20180329,HEK 293
fdDZY5WrfvjayhRnQTjuuxUElKywTP43_20180329,MCF7
ff9A3ncDipnklWXHdUZfkwFonj3g3UgQ_20180329,U-2 OS
fipuUm1BxCSxoGxo1sWeCtY074ggijeh_20180329,MCF7
fjxoD1qSMZibBK9Xoav0eTHnJa2eLPSi_20180329,MCF7
fndP3SxTcvZ2HCabwADjRplolB2wQwuB_20180329,HEK 293
fqZZpulBGRhewvpuM4pbe4YrUq1yVUPy_20180329,HeLa
frbFbcnREsHAEwfcBRklmP6a7AnWT2za_20180329,CACO-2
fsdGVVgmlSSSYRejgUCiWnGzF8zz7Yab_20180329,HeLa
g2DfliNMzNzfZ8P9PeeHbp3kOdyW9x9r_20180329,CACO-2
g6Zhyiq5a7yRLVcrpkyAzHlQr0jKmfAD_20180329,A549
gLzw5RHIyBk6AiP1wjjg828JV4uO40Pz_20180329,PC-3
gOIq17zEPoWOwDYdIMmCsTC78xGfDJcR_20180329,A549
gUuiOlw7dt5f6AcidTwxPJdSkL7qFxba_20180329,RT4
gVT4P4ua9UKVyzDhfvSTOznyaJTSSYoA_20180329,PC-3
gWgsLin4rfEOPKkS3OOxJ3xeMwmUdHto_20180329,U-251 MG
gYyAbjWcmo4HvyVdFCoNzp2Qvh8F4vpA_20180329,A549
gfY5YUu4L6ZcWWtHPk18RPiQQVBHcmrh_20180329,HeLa
gtVnjGW8kyL9ZZwSbC5TVMIl5TLpybiH_20180329,RT4
gy9DTNmvqT6022uj100PWO2onIJqbtQq_20180329,PC-3
gzFBq0r32N1TTOb3irX9rjkmddJbJa60_20180329,RT4
hEk1Hr12ynwGKmSeD3tf9cyRHzTcfIDD_20180329,A549
hJOYpd679DD34SltnMpaaGrmJaoZdKtm_20180329,MCF7
hJY8BsE2tMH6GQrlhMfJlh41LoLJvvUs_20180329,PC-3
hLSuqRMjoO1rHfveeJ6mIqkwIHoXcmST_20180329,HEK 293
hNKdfQ8iH3dGDgrI3xiyvWdRFkt9G73O_20180329,U-2 OS
hOw0asSWxLZMskT4ULfbbEbfv7do09KE_20180329,U-2 OS
hRDK8QteBJ3kNiDXsz6S4PTTUJJAa01U_20180329,CACO-2
hXCzAOZxVHc1nn3ua8fRpgMynDqrzybe_20180329,A549
hbLKPMhouJpXRVbyxKt0WKN4JI7KBEZG_20180329,A549
heQBjiejdartyAeHPz01FZvUzIhqFpFt_20180329,A549
hhigX1siCcOjxvOU9myEYBrxOUKB2HKx_20180329,CACO-2
hqU5Qg92KOgwEzwb5ZJECb1ao2UOrlqb_20180329,U-251 MG
htlCXNn7WPd0X9vNVgdD1G0aBBvU9m0k_20180329,U-2 OS
hvC370btrvm5J70zdJC8N1WQK0S3oL7Y_20180329,HEK 293
iBY6QlwEIupUeJ3GvAb88fHdewA1BQ8R_20180329,CACO-2
iCkxN4wugr2o6LKvmYo9MiRkTv4S23zr_20180329,U-2 OS
iCzHi4XMQ3J0N4NrY6kiEjGV1KhctXGx_20180329,HEK 293
iHXqa7HndAtR0vXW1bpX5pzuCRjUmKA2_20180329,HEK 293
iSQIwPcLB26PIOz8AvRjqCrHiP8DDV2v_20180329,MCF7
iUAzekKSMgkHgvxFYlxQJ7IdiCkrFzKI_20180329,CACO-2
imlzr1vujBFH1T3aYBihzXHbovP1t5Z0_20180329,CACO-2
iw2SMHN27JjXdT399PozVp39p0SkEu7c_20180329,U-2 OS
iw5VR1Xa86XvMWjd6AeMMfLOOADw5G87_20180329,U-251 MG
jIoI0wpQ5haq1v1dQ8Dw9lkN5XSmJ8VG_20180329,A549
jL3l4BvXgbt2mTpcPODjKFSKytHySuXa_20180329,PC-3
jM7B33BWJnX7wBTNB2l7yNMl4DEjBsXO_20180329,U-2 OS
jOY711UgLN88VQIQ2wll78I5BjGyOEb4_20180329,HeLa
jh3eRh0kRBRhmIphdSY8leUyPiA9ueNy_20180329,HeLa
jkmy19wL7NmksHhJq9vcHmxJjSO7aLr6_20180329,RT4
jtB2pEl5HefSlNFM4mo7E6pQ3Hnosxgm_20180329,A549
jumlE3ATotPY3upcc0mg1bvT1zxGoJJA_20180329,U-251 MG
jyuEFk1myADDmfybWEPsOUw3e8zCcnOg_20180329,HeLa
k6oxUwev2AYD2v0VheyezpTkbnx6iu5t_20180329,MCF7
k7wUASxb9T8KmyHKXFBCkXrBigOSEVnI_20180329,CACO-2
kIU1vDkukrKzAfsdkotUHCzjGoyZV9Cq_20180329,U-251 MG
kLGd3ZF3NHSU5iar6YoQ5cZTxxZjvg4N_20180329,PC-3
kLOOfZmGkZeRQ02v1hDBhHD0BZyW1L2E_20180329,HEK 293
kSe3QzSIbemh0528OGcQDdhhoBlYZcCh_20180329,A549
kbNf8ygXT9d2Lh2zYH0wIS5ar5durrlA_20180329,HEK 293
kbubjDeU5pjvbhb3N5lsLImRNW4CLC5a_20180329,PC-3
kc5xI6v8BnN9ceUZc3n1nA2rtf78BYB7_20180329,CACO-2
keJPkpCPd5LYNWsqFqeLHgHniGFdYqha_20180329,RT4
l1CzqBTwmYTECWqi4uKLshPjmidyZrTs_20180329,A549
l2uSRg88R8UuENNS6fPGPOx9fANMotAt_20180329,U-251 MG
l67qQeKX5f22JQy3mbPtc7sJX7VOF3eq_20180329,U-251 MG
lEI1MQpZG0MfgcN7TOh7G5Bz2Oh3R5Ft_20180329,A549
lWk4mf7dF3kyD1RYIsmKm8tNzxZDpESD_20180329,CACO-2
lgvsKD1Oc1RCsqb1deC3B6D53hHEjM5F_20180329,U-2 OS
li0nj9PFtjnE48NSRz9dm8BXzoAvxOsD_20180329,U-2 OS
liSDuHIfstXztOovQ6zfN37fZVEQ9V09_20180329,U-2 OS
ljLoo7IFzbDLiGExNVUGkLHnUdlXOfny_20180329,PC-3
ljeSS3uPzet1aMxke7jHBxIigJ0ts6k7_20180329,HEK 293
llq7zrLSvxLKN1MSyFXJFnBSN7UxAoGx_20180329,HeLa
lnFO0S9nrv8SwrS05EWwQEMnRKWVGpaM_20180329,MCF7
lsqLcY8c2kMMEPQgJKDhyECO6jlbcEZN_20180329,HEK 293
lv5ELFmFb3dWyILG5AOwxMX3yelTUqAI_20180329,U-2 OS
m19jVJGj3rJyE5ESypHSYLgSH2Qt0GuZ_20180329,PC-3
m6VhnToHWQj9qSEqQRlGAg47eq1K0LcY_20180329,U-251 MG
m9AdY7XiKHS232vG1ONhIQaskHtZxPML_20180329,MCF7
mE603RDlQgzvUHebSvF3NN84EAs3jWwN_20180329,MCF7
mEk9SNIjZNgeozZnhHC1Os9iJuLoim6f_20180329,MCF7
mJMSxvvYEIu42zkCKDoDyFCKXnEvdcjl_20180329,HEK 293
mJrySLlR4GeIy7rZcGG6q9mgKnpvZZeG_20180329,HeLa
mPDvgdbOv6skUU6SnwtoQy4TAnk9X0Fq_20180329,HeLa
mVeelV1bZu0bAK5zKjojPTrRUUqi0UrR_20180329,U-2 OS
mWlO4GFedHNHHnxXexqM3Yde6Ekv8U35_20180329,PC-3
mlXGMui5m3c5BfoyzLVGBiPd8jOIYN7b_20180329,U-251 MG
mmA74Txye5xmF6v4D8LkKuVictBhyBxc_20180329,U-2 OS
muRpPAiePOINT9qIAAqMwce0glN5WboI_20180329,MCF7
n3IIZYyg9XjBeYRdXuEwqXS5JB1yEHzN_20180329,CACO-2
nES6sgtKGkeRmZ3wKJHyu1ZxetFMIeUH_20180329,MCF7
nFHDAcQXc0rVQAIJu9tnMx9hsNrpcVtv_20180329,U-2 OS
nOf9JYnmaJ6NY0fZYJbcYCrHkLKHeP7S_20180329,U-2 OS
nUX7jRVFSeXyLAmrwg6pXfE5447HSkgM_20180329,CACO-2
neisH9kCe1IQbBOlF4Pw84bznd3TyEvH_20180329,HEK 293
ngYi49vYujhAUNAMly8IBGca2YjIuDMS_20180329,A549
nlQqyI3ufnir7RCRrAlHd9w3U6wTkEn4_20180329,RT4
nuVclMf4ZM6ahAIC4kHa3aiONGpDKKKL_20180329,RT4
nxAMbl0EI4Ft5oYppp9OV5heOs3kuOY0_20180329,CACO-2
nyfDTz3Ur2U3mVcjOLDn6z2Jwhy43uKY_20180329,CACO-2
nz1MVkU1WA3OjtdxbOaFSgR63IanVJUF_20180329,HEK 293
o0ZWvVT0UEvdmRVFDqqMihsLzlsWNoFP_20180329,MCF7
o2RPl0GPcR1iul4MfHOpTC78MdptfYqM_20180329,A549
o3E9NRoAquqFghtOthAmFuuRNEY0AVNI_20180329,U-2 OS
oKowzI8btrqdMbJEpYKtSINZrVKQLC7n_20180329,A549
oPuQgFSpPB6pBTlI8BmeAw2zeS1yJwjL_20180329,PC-3
oa7pAMlCDbLSncduauo7XdhFBECO61u5_20180329,HeLa
oaYuzrSnepWmB5pgXlpjxA4cXTIxG7Ca_20180329,MCF7
of9t03OeXbWjZBc7SGtri9bj3esR57x5_20180329,HEK 293
okdSD6kSbfdNXyZzAaSdcHBfb6OzmTpp_20180329,U-251 MG
oqmZZnn4qu9OIleclV7OSTVZ54VAB6qG_20180329,HeLa
ozeAOxTI18ach1LwuEuYIRUHzgnjW0yS_20180329,PC-3
p13QVKcSk3o4nbqsdHYcjxIluY0R8lpO_20180329,U-251 MG
p2XB20o6YrMvshMRCfYmUbAbEIrKP4Ai_20180329,U-251 MG
pIBMtqh0URxWXaXSqibDxSAEOfRA18jE_20180329,MCF7
pdlwZd08pbRg5LYI43a5Fkkdjp4iQXX1_20180329,CACO-2
pmZG9AcedR1iM8SpbOvhJt6W2D3bQmoW_20180329,MCF7
pn24WzoyaYhFB6wfxTgbtf1UbTvj9HTJ_20180329,A549
q1dwZq2x8AwIj9x3UF8ujqgaDxIZ1wCZ_20180329,RT4
qC3j0v7evtgN3GwkRZKB5cAC459srm0S_20180329,MCF7
qDANmbrL0sTAr6Hw838Gn3RYqkFou8ys_20180329,MCF7
qReu6cbWcA5Zd2B8oug8XKDUG71QdVe2_20180329,HeLa
qSKkxT1aozPFRvZ0cqzH9CWken0fP2bg_20180329,MCF7
qTHVCh1NRTgKOMm9zyzF9G55FsfeBa0k_20180329,A549
qVdTOVyMx9avWg5VOvWxqUh5PeJv9P9w_20180329,PC-3
qX3dqcMK3CiQoWyvVoP4H3Tekf3aloxe_20180329,CACO-2
qdm10dAmhT3oXbfBCSMCMikljR2rPoEf_20180329,U-2 OS
qgb9Rgg5RT717xTazlVHBEIrV6nsOwSB_20180329,A549
qnY3P7kch3cCzyCgBLS5Cwcn9qVwcstx_20180329,PC-3
r7rqLeuQ9V5iE022s0RkvBiB7OhFXUy9_20180329,U-2 OS
rGpCVRAn9sESsc5ZbuZfwH94kPiuXRMW_20180329,U-251 MG
rL6FWwh4Edpywj10uLpFOCULLPuKqS6D_20180329,U-251 MG
rMco0tEq0VVWYmQ24F889O7pGq9SeSiD_20180329,RT4
rS2Phv4pjVNOy1HL9ijIQaIOp7i8Iw2E_20180329,U-2 OS
risqEajol8AhzelWpEkfNfPHtyHTaeFV_20180329,MCF7
rtL3UoX8N3Q1GvkzEdypwF5v6QPT99IB_20180329,U-2 OS
s1FQguAoNUR0TjHVusUQPX3qJD102Pwg_20180329,U-2 OS
s995TW5Lr8notz6WIhXgTHtT7EhLU9Us_20180329,U-251 MG
sBiZdbesHhB0HMs0sT3dkUveed6NT3vT_20180329,CACO-2
sNiQA0aRwZbPEBu3XNkGdaa6IQO5ZsAA_20180329,RT4
sWgJru4t34mWYz6wnlvgks6Hmv50NjgK_20180329,U-251 MG
sYHNRTaDMIcwErYxCztvjGJUH6jVfeYx_20180329,CACO-2
sYReF67xuP2AirGyAqDoCMXkgB8Af9jE_20180329,CACO-2
smFDsIlG05GkUIDyDNIOSbMXCevxRDjL_20180329,U-2 OS
sqsBg0g4stDJxcgkjtzfW1TnyxPuIxTg_20180329,RT4
svstE7kagQMjBoAKgzkmxOJSzgP4dK4M_20180329,A549
t2OZ6RogL4JAsSLkQzHv0lT4LAaKYiIE_20180329,HEK 293
t6GADWDy2y9lP290ZK6udfxOmorltHSe_20180329,A549
t81li9EewQca5S4plV1lxaL7lGQsLiBM_20180329,HEK 293
t98g9w0LOwo8pgiOkbjXGG0r0HD6XurJ_20180329,MCF7
tbHZWQJI0vCFyO5i4EJdXdzybnkRz8Kx_20180329,U-251 MG
tiSntMRrbSoLYisogR8c4eddtrL26rfr_20180329,HEK 293
tkTNn56Sp8bXJiptEl6NzX0OuGe19Y0f_20180329,HeLa
ttKRU1BWDjmgNlDGQQYgt62O3ZTtw0aV_20180329,MCF7
ty0niZsyET6WafGJxNyNyt3kS7cYqlaD_20180329,U-2 OS
ty4iAi0fEC3VgHJUw1QuDaBASz8t50yZ_20180329,MCF7
uC7OcaTXynR0YPDNJKUJz7eudgCp4Myn_20180329,U-2 OS
uEnMKBezjLKuX4NI2ZZgSVFbOSD3Q8jh_20180329,CACO-2
uG8gbiRgYMVM5XOHNeu4e2avXd5Zc6NW_20180329,A549
uGyauLwJsztCaI3LY0Ipf9aeW8aIeJyh_20180329,PC-3
uLU0WWNn7oe1WYlX2KcOiPO4w2KNWi6N_20180329,A549
uMhj6hO464KDeZ4qFMEJ5oQGayZ23rzO_20180329,A549
uQsLslvQG6tyYlW9FftelcrSv19smNAa_20180329,RT4
uTPmty4aGLPdu5OwiLtfWXD3irFXNW0b_20180329,RT4
upMClClc0eZ4NZ8R2jcfATKYUmXozQsn_20180329,PC-3
uuTijWULvvKwnVTlPbtX57xtYjV4Rr2X_20180329,HeLa
uxhbzw3fj428jjRB9it2g1v48KdQ00ut_20180329,U-251 MG
uzCy47xVlfjhJwoi0MAx0zmJHza28jlM_20180329,A549
v1QMPp9YJ4iNy6jxDMQLYxHPH0MzG56x_20180329,U-251 MG
vJtJxwXDH38GJDugPrWYpa1LZAod0uhg_20180329,RT4
vMgUM8yk0b6POB2IUavzFW4CvqoIekbV_20180329,HeLa
vT1FO6AKe94fmIJEFGbPOB1jKr4RUBbt_20180329,PC-3
vTSqKfxLY2UYbfa5Nx2eBB0g7wfXFYCF_20180329,U-251 MG
vWRap1KNW8IaL8ABikwMPqiG377U7QcB_20180329,MCF7
vZgNHjR2oXyL0WRxU96fJInGvjjEmZA4_20180329,U-251 MG
vcdVGrIleVhhaEOseNkaCBB0r7U9u3dB_20180329,HeLa
vdzS4XOXLbYV8DKXaL4Nq1x9bJBTXIYr_20180329,A549
vsXwMCKrL0H9wsLLWgiHOShcTHEtigrx_20180329,PC-3
w1SdOmFHoL4PTNCww97N37tZ9ulMezkL_20180329,RT4
w2xDCgQ5E6PohvST6kFv93CugyF4GYRq_20180329,HeLa
w32X5Fd8Fa2ZHD0uP7XGuXgJkH5arjKM_20180329,A549
wD6lLU27VdQ7ahd4Ru66xLyM4MUDDl0j_20180329,PC-3
wEc702bJaw9odkyeHeawRlbl9VZw8ZgZ_20180329,U-251 MG
wIyUoCJEpt5Uwe1cv6xgWaJchCwOUx7K_20180329,A549
wJbTWxt69jYtvVYonSXS22BEoBZgnc6v_20180329,RT4
wKbbGFsBNGqEoHBPQtNJAJlNuUOwZp7k_20180329,HEK 293
wP2NWDca2KGZNb8UYswOJrp2DDyIO5m8_20180329,MCF7
wSjbXBE8TNBEFeO1Z4PCCepj06wi5y2X_20180329,MCF7
wazqibFGWvU1tbw2QaIc8PjKmSXSN9tN_20180329,A549
wjCF8DOmfy5hl0J17KfNVG9VXa8cVdAk_20180329,PC-3
wkQ5sqc38RhdFajOG1iX3WSZApgX7isB_20180329,MCF7
wvpzCmJ4vRQ6kBxVa9rMTh8RqS7nnvbT_20180329,HEK 293
x3mYkhpUvkNHsDpyGFzNPdlNLVQVtvhy_20180329,CACO-2
x9N85NxXHbafbQnblQSQ8UMbGaLrH3cO_20180329,HEK 293
xM5dajPW6zO3dnPSzf385aopjq6YF92P_20180329,HEK 293
xRcXY3BtOBqsJZyXKcpGdS0yW4Rmr5Pl_20180329,RT4
xdq85OnoEkenXBAUAMg3E9N9r03VagNj_20180329,A549
xsjAqFAYGqw9dw5iYxabl50ITjqV1iDY_20180329,RT4
xurcPzqeVhoOLgjsOvmhmQLoUgpvtdHY_20180329,CACO-2
y1k4yH9ZprbXNKx4AQcFcXavq1RplTv0_20180329,MCF7
y4wNHhI7DHtzTHozPrSa2CiSSASBYO7W_20180329,RT4
yCK0rTf5YFgJnfYQm4WMnX1QisWg5YQM_20180329,HEK 293
yEbQk270uji1cncTCJjHet6EhriUC80c_20180329,A549
ybDlWORWifxklUozdddQZEQp0uEFho5C_20180329,A549
yfjVI14Nw9rwHc34Z5wOl2KuR2NJlGVl_20180329,U-2 OS
ytIUdKoQXkblFI6dP6hCItYMcRaUMeVH_20180329,HeLa
ytokkv8tPW75iz75yyzmxWmfVUWqsyWo_20180329,CACO-2
yuGcNAXOKoyZT9ShvDPgzqVQRVf3ZGWj_20180329,RT4
z1yGbKdBApbMdBodLxbv2Qc1cgkTv6GP_20180329,U-2 OS
zJaEW42AFcya1u7IA8TWLub4jw4vPgo9_20180329,HEK 293
zUUkK5UgE57NrnRFMmr3Oaq159usXgqG_20180329,HeLa
zVOE0VsYATwefcetD6pYdjmayFPWkboH_20180329,PC-3
zc8ikhkba6DfueJOXA6lP9rqyAexRCEO_20180329,U-2 OS
zdqaLTrteEKmQT6uzzzqjX3lAaLySdXn_20180329,RT4
zrpnO68x3no2re6xV9MwHgwt8HWLGKEH_20180329,PC-3
zv43eGXcqCT5sB2MoLR32CChwouxy36H_20180329,CACO-2
zwi4yLeA7F9w4ec9kmmIM4fwWgbso6Ss_20180329,HeLa
